word,avg
raise,5.878302956493171
slate,5.855819244109516
crate,5.835215982633285
irate,5.8327988809409055
trace,5.830429108079757
arise,5.821023459282912
stare,5.806888622249771
snare,5.768678157325959
arose,5.767804897087286
least,5.751562008954047
alert,5.744211188991762
crane,5.741011320165297
stale,5.738263819559774
saner,5.733998546845608
alter,5.713372336368845
later,5.707287214774776
react,5.696507075549461
trade,5.683921221818492
leant,5.683771188478657
learn,5.652071208685768
roast,5.648431350783488
cater,5.64807761864117
aisle,5.635641642534596
trice,5.634291214967144
parse,5.630156106670123
scare,5.628408586744339
saute,5.622136469693716
heart,5.612255574516925
alone,5.611281973307493
store,5.610713777559603
alien,5.607061114370462
share,5.605482704800806
grate,5.604721071049503
trail,5.5930266904373624
siren,5.5838456735380415
snore,5.577479792805564
caste,5.571255323961437
scale,5.563910699552496
atone,5.557454213254542
dealt,5.556164141615792
train,5.552929846847905
renal,5.552879499556743
plate,5.549894639384546
spare,5.549571447797364
clear,5.547450519432378
rinse,5.546185296262676
trial,5.538016935437213
solar,5.536945045928281
teary,5.535467398635831
shale,5.534500704764713
glare,5.530269109066343
pearl,5.526194184691447
stole,5.520214920281409
lance,5.51785934978482
stair,5.517320564951876
sonar,5.5160823718858945
canoe,5.514715531974432
tenor,5.512274265687146
crone,5.511593461135512
slice,5.511094657018499
taper,5.510731078664037
saint,5.5095388110541625
route,5.500778240784807
slant,5.492894363021003
tread,5.492115187959259
cleat,5.489422897356735
hater,5.486107120439381
blare,5.486044168394807
tried,5.481492792992093
steal,5.480910737390979
rouse,5.473860749944915
plane,5.469476544808341
paler,5.465493640171357
loser,5.4653126963908
suite,5.461338253902717
tripe,5.460259278266671
crest,5.460207662676908
shear,5.455430856465422
great,5.452072779098323
sauce,5.450699755993675
shire,5.446799769446685
large,5.444680674047587
tamer,5.443269730191807
stone,5.4379150240135266
noise,5.437553542587058
adore,5.434850993952365
lapse,5.430417867523896
score,5.4301381313057115
trope,5.4292825185288756
close,5.427638071462524
table,5.424744549624116
paste,5.4233845145370765
horse,5.4220795655310425
shore,5.42095042599868
truce,5.417394025205948
leapt,5.417108401326202
earth,5.415427531501214
grace,5.414855010608604
risen,5.414603745935208
cause,5.410047227701636
aider,5.401911579147158
liner,5.401809933568491
drone,5.398303867644634
haste,5.39750806792917
lathe,5.396170711055798
carol,5.3906552037089055
prose,5.389757152439061
yeast,5.388287086452309
brace,5.388203150410665
coast,5.385023153746124
clone,5.382912073668944
snarl,5.38280452254446
slain,5.382028401130772
spear,5.381130000093251
place,5.3790997037194455
prone,5.3747875689677045
flare,5.373354547971322
beast,5.3725710221939735
realm,5.3721788480863255
spire,5.371719517051856
satin,5.367209639208003
cadet,5.36664909918952
pleat,5.3665939370236355
range,5.366515592567699
cairn,5.366075447753733
panel,5.365459011308028
meant,5.364453560084481
layer,5.361032881888454
plier,5.3599256603888445
leash,5.359286242106589
drape,5.3579893128558975
stern,5.357984078678919
louse,5.35628262800828
urine,5.353589674430594
yearn,5.35297530088768
ratio,5.351355244310685
coral,5.349398416363143
tonal,5.34830659864554
slide,5.347685761739006
snort,5.347268488147343
tribe,5.343809559998214
resin,5.342352966321438
arson,5.341245373690036
since,5.340502960213792
inert,5.3393790395597085
clean,5.339066363864466
spore,5.338414506508411
lager,5.336683560265131
talon,5.335676270362987
snail,5.335182890284401
curse,5.335018155882452
cedar,5.334608744840711
triad,5.333485977297272
baler,5.332516581398929
salon,5.332514289752448
caper,5.330958422031463
their,5.329055629077322
stage,5.326712920670714
petal,5.3247532132302275
enact,5.323893406721709
inlet,5.322781479078947
cruel,5.318053994587365
early,5.317580997012498
trash,5.317499986055724
price,5.317382878627214
smear,5.3163968637069665
nurse,5.314949027502967
laden,5.314855326196402
poise,5.314726153781058
merit,5.310415747791616
islet,5.305513111978625
inter,5.305467880485705
tease,5.304915803648736
baste,5.304690860304447
relay,5.304386077287883
spite,5.301199133583711
space,5.298102065057977
ramen,5.297076918920415
onset,5.296696142225694
heist,5.296131550132681
reach,5.292867611872596
those,5.292455795071535
dance,5.2921431854232655
safer,5.292102243649776
cried,5.2918034701947185
tapir,5.290559548162504
erase,5.290077834352199
slope,5.289572265048203
sedan,5.28565189655059
pause,5.284753372774715
feast,5.284333574723998
outer,5.283972373822805
chase,5.283209966891617
peril,5.279773606186747
haute,5.278798676104679
stein,5.278120454911603
utile,5.278015991632348
stain,5.276000437113529
tilde,5.27579528526007
slime,5.274969761374423
grade,5.274356744723237
shine,5.272087032401771
spiel,5.270483227738672
shalt,5.270149258696774
agile,5.268849825748906
false,5.268453128915503
hotel,5.266941799498856
chore,5.260915266641409
regal,5.260572229431376
trend,5.26006539153916
eclat,5.259340353919471
water,5.258734703802276
penal,5.258589943730717
farce,5.25826227165514
poser,5.257489871003645
shone,5.257051780120203
brine,5.254980120240422
teach,5.254431845682405
anode,5.25377277885085
plait,5.2532118972605755
heard,5.252432576997799
scone,5.252030761335388
cable,5.251872286477452
timer,5.250122062095974
borne,5.249577627174495
afire,5.2486372693280154
lease,5.247558223026975
taker,5.247528400101285
grape,5.247309826001407
droit,5.246960013024893
drain,5.24661800106399
satyr,5.246280240550206
metal,5.244663392254327
smart,5.2432585226832185
grant,5.242673255586662
tiger,5.2417632467815265
write,5.241178368087262
acute,5.236593164102715
delta,5.235866161792472
polar,5.235743224949378
diner,5.234163747943294
bleat,5.232640182554796
smile,5.230827560903169
skate,5.229919084888963
smite,5.22903205836331
forte,5.227465931068337
crime,5.227405874064115
wrote,5.21982573013315
elate,5.219128480967041
artsy,5.218202991144533
actor,5.21665445996281
argue,5.216576079549333
remit,5.215448969343165
terse,5.214255052488329
camel,5.213508957601339
scant,5.211768879113219
cutie,5.210754875523309
sober,5.2098519670480155
shade,5.207998774538807
slept,5.2032816648272044
motel,5.202262491514397
grail,5.2004979148025985
chart,5.2003467104874455
purse,5.198383331948632
stead,5.197394332130205
spine,5.192206679911033
aside,5.191856633166496
phase,5.191584392307605
cream,5.191287487368033
feral,5.190563020103873
anger,5.189321273813297
smote,5.189314862675656
snide,5.189179098741287
paint,5.185385759679865
shape,5.185133915664414
short,5.183383501067852
nicer,5.182719323531341
plant,5.1811698745746915
cheat,5.180961406014953
angle,5.180825348959141
anime,5.178221717243861
alike,5.177813553306449
snipe,5.177013822685476
older,5.1764413557742
leach,5.176161055494278
worse,5.17502145295774
loath,5.174982335012944
lithe,5.174631936858398
waste,5.173989986951047
court,5.171907701641044
spelt,5.171690626885516
shirt,5.171476669397438
miser,5.170524589787063
heron,5.17036754890096
prune,5.168965640776695
swear,5.168456662970024
rainy,5.167820628207393
unite,5.167526291892285
payer,5.167078272893784
pride,5.1652827822891645
eater,5.1650871404543945
goner,5.164989232186844
crept,5.164582326460586
pried,5.164418376468026
ripen,5.164363392588258
crave,5.163205052927666
relic,5.163127768714442
salty,5.161051573796801
stake,5.159314660274014
death,5.158971406367805
molar,5.15672715952146
glade,5.155879615339589
cider,5.155727214134359
acorn,5.155276155390064
scent,5.153527491671281
stray,5.153169383921089
sepia,5.152826047913557
valet,5.152504038346796
salve,5.150131462779843
brute,5.149158727064333
recut,5.148318157835131
spade,5.146444754648555
lunar,5.144713276981639
beard,5.143825772805663
sleet,5.143215955091415
after,5.1425620910028815
boast,5.14052646125073
ready,5.140168188651345
gloat,5.139478921993485
angel,5.137114686868097
chair,5.136667158556861
drake,5.135206592809233
shame,5.134955085487861
swore,5.133158717380435
snake,5.133075125746665
harem,5.132142964291157
carve,5.130888006315978
metro,5.1300423401332225
shoal,5.129406527245086
moral,5.128006143286007
recap,5.1276582772362485
surge,5.12728308990495
miner,5.126620276556252
print,5.125447996848413
horde,5.12468339270444
grain,5.12414712623694
style,5.122671045171231
royal,5.121777024676075
super,5.121018667020179
blast,5.120061798093614
spice,5.119856437946154
sport,5.117631755274367
unset,5.116421787502518
trove,5.114740277249378
barge,5.114311352137085
blade,5.113406049110358
manor,5.1133637915366315
nadir,5.11166292646837
decal,5.110898160075869
glean,5.110895396657258
crust,5.109628961318279
wrest,5.106447148595742
flier,5.105467014358198
cease,5.104937656602056
smelt,5.104820939779229
email,5.104033677183739
maple,5.1039915409651915
untie,5.103258665983975
strap,5.101305211100958
groan,5.101196787216843
treat,5.099878960494811
house,5.099504549481004
crash,5.099438732766666
comet,5.099183842150135
reset,5.099084449887055
copse,5.097197996592671
singe,5.096638995673321
bloat,5.095590411641325
rouge,5.095327872701681
roach,5.09448359562383
gruel,5.094376459810095
brain,5.094137962016193
sweat,5.093927269082775
rifle,5.092986016385744
abort,5.092671748172645
steam,5.091717797614736
filet,5.091642303756264
fetal,5.09113205826795
reign,5.089870551158825
agent,5.087045141930308
taken,5.085714597156221
avert,5.085679178557741
rayon,5.085477199824471
crude,5.0854113748059
chose,5.084856878866388
splat,5.084754825602601
spent,5.084718619839486
tidal,5.082976343939937
pulse,5.0822129306749355
ulcer,5.081959027959213
prime,5.08136838071087
gayer,5.079610131724706
tower,5.077442780716047
hoist,5.0772476511068145
facet,5.075191785280718
opera,5.0751325044678675
sower,5.074520248164663
torus,5.073220496943432
skier,5.072251446441523
labor,5.071936220395836
plain,5.0714170233316
staid,5.070872254842306
guile,5.0700783074599975
giant,5.069269616823117
trite,5.069027055080829
debar,5.068742317750482
cameo,5.0681254838179015
dream,5.067972225121528
alive,5.066754165526358
serif,5.064645600968633
ultra,5.064606590121936
stave,5.06443957243822
frame,5.062013815526714
refit,5.0598782906592366
olden,5.058772591367002
force,5.058197090670471
idler,5.057742471545853
decor,5.056892500142629
rogue,5.055966657901747
credo,5.055225939710953
radio,5.0544189087546885
erupt,5.052472208657308
frail,5.050894968308691
bread,5.049981321930944
adorn,5.04996206326798
plied,5.048917433962656
baron,5.048518223733797
bathe,5.048499839555114
pedal,5.0484690655436895
repay,5.048437682351819
amuse,5.04822943232564
thorn,5.047635001515902
other,5.047598782486901
gripe,5.046980147357445
flair,5.046367650822266
raven,5.043239811933583
sloth,5.040517492851527
hoard,5.0386220387452845
pecan,5.036706013394591
gamer,5.036513371008342
bride,5.036392904625327
elite,5.036027520601181
shied,5.033982270631627
ocean,5.0336488698816835
mealy,5.031668097685887
stand,5.031582719291662
mouse,5.0306916522172695
eaten,5.030342825842715
filer,5.030305288815351
craft,5.030105680218205
easel,5.029691544678619
dirge,5.029339127470464
trawl,5.028675580506101
rivet,5.028149229249047
boule,5.027443155497569
apron,5.02740594587053
retch,5.026645837224242
grope,5.026425442875173
moist,5.025482177743446
snout,5.024989361665721
dairy,5.024379912798317
tuber,5.024327210517812
latte,5.022903446159105
towel,5.021676993202641
matey,5.020343066608396
story,5.020038224561994
opine,5.019594145123625
creak,5.019342810585985
blame,5.019035429556831
point,5.018935491889253
ideal,5.017781796453383
shorn,5.0173979263888295
spilt,5.01712645789729
guise,5.0164547112583255
chant,5.016102595776252
scorn,5.016075832911029
plead,5.015535372881669
meaty,5.015237478452954
ashen,5.01302557365073
waist,5.012559639586333
noble,5.012317603592615
delay,5.011761241133379
ounce,5.010797441323463
pesto,5.010491060313432
state,5.009211972831446
steer,5.007727647574703
tense,5.007704837769017
diary,5.00558878369507
bluer,5.004524376657532
party,5.004062807175246
tardy,5.000344593928709
terra,5.000048004891766
ankle,4.9980073500013855
clout,4.997730515235476
solid,4.997202427240161
grime,4.995226497066229
pilot,4.994283567221261
taste,4.9938310739314336
brake,4.992552916126144
shard,4.992197737090699
daunt,4.991136390346433
scary,4.990889444419103
probe,4.990472820627307
broil,4.986344480776547
twine,4.985795426393485
ascot,4.9851359353748
sugar,4.984284830409586
swine,4.983964428484838
serum,4.9837125466013585
hairy,4.9831647570133475
wiser,4.981850957738596
scope,4.981643001541846
cigar,4.980378686218994
clash,4.977190611498074
float,4.977065712517717
reuse,4.976953081360492
nosey,4.9763107161056
trait,4.9753794426748446
weary,4.975199481422974
finer,4.97512907991644
naive,4.974875874950634
whale,4.974500988793242
posit,4.974149875885113
choir,4.97324269555453
voter,4.972920377683256
abuse,4.972120749558894
ranch,4.971271617219496
savor,4.969629430395362
frost,4.967325133730297
medal,4.966702363346716
patio,4.966420388585411
faint,4.965913563249393
sneer,4.965675555474318
octal,4.964969594216953
intro,4.964773944801767
organ,4.962104253539962
lower,4.961897934360089
count,4.961057501048147
chest,4.960810539930651
ovate,4.9607583026719855
north,4.960733912495961
solve,4.960155473754089
shake,4.959685780463944
phone,4.959277513359461
slang,4.957641875434562
torch,4.956885562383931
prude,4.956520623999311
orbit,4.95615907937702
spied,4.955775458667144
scree,4.955509591089443
haunt,4.954335644053738
clued,4.953925456560428
ridge,4.95331506386251
rebut,4.953132290006277
clasp,4.951830104030175
ample,4.951236595036848
scour,4.949814942961795
strip,4.949301593697798
entry,4.947715442904612
melon,4.947480456688696
wrist,4.947396492665672
steel,4.947333525169689
three,4.945810265946414
cargo,4.945546896528858
glide,4.944599720988462
split,4.942430798031847
groin,4.9421684072172765
bagel,4.94201868190158
crony,4.940477174079175
worst,4.939587652033819
stark,4.938298003077445
craze,4.938293256399875
irony,4.937719007358796
stoke,4.937691762939528
front,4.937661496307487
steak,4.935593328767631
piano,4.935242747843438
mince,4.93519708005291
grout,4.933894660891444
board,4.933732061100754
peach,4.933110744054945
sharp,4.93241964352464
homer,4.932217830089237
spoil,4.931935421076836
guest,4.93040909799396
grave,4.928091564360035
tarot,4.927904199777668
first,4.927573377661453
basil,4.927520502957077
marsh,4.927078657261315
aloft,4.926641351918753
setup,4.926056547272825
chute,4.9257874984295
coupe,4.9249907631711585
daily,4.924069927825322
baton,4.923688249948153
suave,4.922306509704671
mange,4.921482040344743
model,4.920662668164142
flirt,4.920167509976415
fried,4.919598308449698
track,4.918854485990656
adept,4.917918330624443
scaly,4.917250719447683
deity,4.916759641359106
truly,4.916076995661513
tonic,4.915772538376149
acrid,4.915216004139993
uncle,4.914237070908501
align,4.911672220020045
tramp,4.911393154508266
flame,4.909516223675032
scald,4.908793326309082
lemur,4.907740541803943
corny,4.9071069261672005
arena,4.907088478042175
curio,4.907033832607154
sonic,4.907011036079035
braid,4.9065916912431815
scrap,4.906106222576581
token,4.905765603880233
upset,4.905000410930275
lemon,4.903975085562449
depot,4.903866218122516
berth,4.903520269797743
sneak,4.903240747541955
draft,4.902570227933351
scion,4.901977285667654
daisy,4.90180104101437
minor,4.900736597359245
twice,4.900375546528515
sinew,4.900274071009895
cower,4.90000597082441
chain,4.8989792221057655
navel,4.898775824968076
grand,4.898213634315489
claim,4.898012894609876
plaid,4.8969797242882365
broad,4.896030433516789
lover,4.895145780382106
begat,4.894557324271329
storm,4.894279761853248
abide,4.893572999209421
brave,4.893482599781887
flute,4.892997438237534
nasty,4.892383439632843
latch,4.890983493144795
title,4.890588577065753
mural,4.8900511857015205
valor,4.8893843123183744
there,4.889170049906055
rapid,4.887023111618578
tango,4.88616252421257
spurt,4.886014714292012
mayor,4.8852601315433155
antic,4.884227308703012
spray,4.884193282325507
audit,4.884057709942019
rhino,4.8830695832119355
sadly,4.8823367314360135
inept,4.881241606725084
croak,4.880668895331336
lodge,4.879420507015757
adult,4.879185892072013
crisp,4.878565881837306
usage,4.878267512734385
mason,4.8782428271836
stoic,4.878142741185006
oaken,4.877583094975887
abled,4.877487260206584
value,4.876720389307502
brash,4.876680994343068
soapy,4.875621098133495
flora,4.875266584307868
spree,4.873658977499952
gaunt,4.873633516252519
greet,4.873219226744669
erect,4.872968295904146
wager,4.872882938279294
macro,4.872000809544309
edict,4.871865869891994
foist,4.8714249501432905
skirt,4.870751060357076
fecal,4.870340416046633
abode,4.867953429361449
agree,4.866890498423767
angst,4.8663406650887095
fable,4.865925895335313
grasp,4.865878354902431
today,4.865685085727692
liver,4.86546728900629
ralph,4.865325294005822
brand,4.865287589421812
stony,4.864654869416378
south,4.864546684333603
shave,4.86377168129803
along,4.862433656734607
scout,4.862409950570063
amber,4.861623520835699
dunce,4.86062323600721
under,4.860277613842718
tepid,4.86020108569562
cagey,4.859438058566976
scalp,4.858842257373704
glint,4.85855166492555
crawl,4.857326516443992
carat,4.857267547434129
stalk,4.855892305945491
straw,4.8556149733957295
verso,4.853905409520956
amble,4.851186756026179
shout,4.851173829442079
poesy,4.8510093134203265
surly,4.850228168388311
aloud,4.849443006986366
third,4.846992792336938
chard,4.8451182995912
tonga,4.844801012318454
peace,4.844220172249683
tiara,4.843458595103709
beret,4.841984861071275
cobra,4.84159313470496
lunge,4.841107260728209
piney,4.841057045147217
scram,4.840446044206978
noisy,4.840199223524924
crier,4.839574033266878
adobe,4.839507421735974
honey,4.839492329773344
unlit,4.838500688695571
reply,4.838178884760255
stove,4.838177397094425
chide,4.837758900981582
loose,4.83739938611029
altar,4.837397460879495
round,4.837188076964274
tumor,4.837041929968244
patsy,4.835734941215098
randy,4.834883755961787
fault,4.83371971897118
gaily,4.833301535278567
racer,4.833101671318961
cloth,4.832679916119365
crank,4.832247244445107
piety,4.831072836540543
drive,4.8310469808359136
weird,4.830789103824477
moult,4.830653265101347
rehab,4.830153379454786
basin,4.829880584246979
palsy,4.829793797355211
covet,4.82947796366473
maker,4.828504063913901
deter,4.828401052946208
purge,4.826169798166858
sheer,4.82587902176547
parer,4.825676558126177
wrath,4.824615223013383
eagle,4.823561777006184
image,4.823458456421818
burst,4.822773804560304
saucy,4.822210738762162
forge,4.821560017146676
start,4.820835586609506
cover,4.82065040452747
tract,4.82028948851412
erode,4.819862074308596
liken,4.8196484869207445
perch,4.819239598463369
chaos,4.819140854794615
halve,4.818868748361813
sheet,4.815855819541389
truer,4.815672756726181
guilt,4.815373209455608
wheat,4.815340090325429
lurid,4.814795530884646
drove,4.814198999558677
enter,4.813109035420429
toast,4.812046539520466
slurp,4.811700106580963
grunt,4.810387324049696
debit,4.810076049156928
gleam,4.809302706133582
overt,4.807919924949186
grief,4.8074649153161
lumen,4.806717205000793
owner,4.806473975081998
leafy,4.805725245616868
voice,4.805341807588726
robin,4.805120713716077
felon,4.804387268487574
clove,4.8038004947204405
olive,4.803758457973273
blurt,4.803528884538821
shrew,4.803241174523273
chafe,4.802949407656406
viral,4.802924307650499
caput,4.8028613800108
threw,4.802657392634163
fruit,4.8023638571856795
graft,4.801539927003906
screw,4.800174944677477
baker,4.799370191029401
cleft,4.79872268263526
golem,4.798161906269507
twirl,4.798009270796304
amend,4.79686818310907
prove,4.796772987438725
clerk,4.794902979412635
donut,4.794239916687734
raspy,4.794060668241054
rabid,4.7930415100482096
riser,4.7921495607952505
beach,4.792088897949576
until,4.790849828962561
while,4.790649125919074
brunt,4.789469708901192
corer,4.788962486933097
niche,4.788736972087038
clang,4.788350749881498
preen,4.788224690589843
fairy,4.786967329950507
swirl,4.786911695743914
dirty,4.785971468301077
sandy,4.785798659283352
unmet,4.785749686617301
eager,4.785444954735569
money,4.782531249121083
spout,4.781841850251279
thief,4.780796728509666
decay,4.780392822695836
media,4.780389111801165
broke,4.777130497341005
globe,4.776893655823268
asset,4.776605971379172
shunt,4.775298089139917
built,4.775009399825682
inlay,4.775007912977564
break,4.774794715178682
white,4.774364168025368
knelt,4.774335719918662
aunty,4.77418139069924
pansy,4.772341015480972
stank,4.772193335618683
aorta,4.771831616647096
infer,4.770807841642568
broth,4.769856495427703
yield,4.768894338961149
sperm,4.768414481765489
loamy,4.767835547011721
whole,4.767288712178781
gland,4.766568215618161
cheap,4.765589927518154
fresh,4.764893017034015
mourn,4.764743543939579
tubal,4.764582499695464
biome,4.764163976680648
leaky,4.763763761759912
ester,4.763719378819042
bilge,4.76359707812549
wider,4.763114658767
taint,4.762868642777228
burnt,4.76266167084236
lousy,4.762637030241941
brief,4.762606400877278
power,4.761780548050717
retro,4.761603574642046
hinge,4.761239313826366
nerdy,4.760946505004771
deign,4.760342358715847
pasty,4.760003599095623
habit,4.759708910454546
chime,4.759570487699658
sound,4.759315483476233
china,4.759236635322401
surer,4.759188238816753
stork,4.758858837605527
foyer,4.758207395725838
wince,4.757735568433938
cabin,4.755960723790252
exalt,4.755335981497681
usher,4.755303001445105
boney,4.753907075211288
pinto,4.7523910776363785
relax,4.751602384218068
poker,4.75032183651671
warty,4.750189018892654
slack,4.746895291063413
panic,4.745657398302938
rival,4.7450857914060345
sleep,4.743391695098069
horny,4.743293286051099
sling,4.742690016986586
puree,4.742475435133968
shark,4.741955504007146
drawl,4.741537322907032
novel,4.741269091619895
ladle,4.740915250615943
modal,4.740732512311303
whose,4.740475040154574
drank,4.740413620105547
march,4.740305124904186
croup,4.738059055187319
heady,4.73780514593487
mount,4.737566464384303
flake,4.737238353535224
meter,4.736504422712436
adopt,4.735950884427018
foray,4.735775956101374
these,4.735200575050812
final,4.7348030081632455
urban,4.734711914249041
mercy,4.73390920778836
guard,4.732374093508515
hyena,4.7317751471147895
often,4.7313682740800465
mirth,4.731095627287814
roost,4.7298458728620485
began,4.729008191581963
genre,4.727939828133093
decry,4.727802732469135
dowel,4.72627621984795
hasty,4.726087527065589
flint,4.725810984985961
fiery,4.725743510174803
login,4.725606821067437
glory,4.725421221699564
rusty,4.725316954234514
demur,4.725244470363386
repel,4.725205820062354
aptly,4.724542874468952
drier,4.723389351590687
scarf,4.722927948194982
gavel,4.721834807967427
prank,4.720738423079455
creed,4.720687372137352
cramp,4.720390239676633
scold,4.720074437583678
faith,4.719302003436233
spend,4.719003183404456
inane,4.718147277802151
sworn,4.717254100098496
spike,4.716983527614665
guide,4.716934276822929
wafer,4.7167493474503805
plume,4.7167338949219975
charm,4.716685410136407
trick,4.716631127432232
girth,4.715563264341791
bland,4.714776442163915
rebus,4.7143799208153245
niece,4.713047582104373
tulip,4.712617380277945
cloak,4.712424443668067
dense,4.71203598661048
crush,4.711162665961136
troll,4.711045213316505
shaft,4.710623642809518
flyer,4.708485442522967
elect,4.707809442932623
vault,4.707099160437575
elide,4.707019061567522
grove,4.706420484574236
crepe,4.705519733498836
could,4.70506088838582
spurn,4.70443223508999
tangy,4.702846563689154
curve,4.702417303755402
scene,4.701714917509503
azure,4.70118259691444
graze,4.700971791209528
ombre,4.700465548294774
salvo,4.698713844176929
noose,4.6979666473477
gonad,4.697182335392985
drift,4.696789412404821
vital,4.695652190410628
rearm,4.695621359673882
leper,4.694848087714537
dicey,4.694392725512927
whine,4.6929320297646795
manly,4.691997341605017
badge,4.691179605918792
drawn,4.690615535939337
haven,4.69032434547698
green,4.6890001566850845
otter,4.688206418408226
bacon,4.688028678138714
allot,4.687465946033283
sheen,4.6870276278494485
elfin,4.686028921400577
about,4.685291435985301
birth,4.683538057578958
freak,4.6833982117048425
clank,4.68301537883077
prism,4.680890679352286
demon,4.680577116178935
denim,4.680434161213732
total,4.680069700648649
gnome,4.67931423982575
elder,4.678693563010053
mower,4.677867249325302
diver,4.676724356369425
amity,4.676669601513247
chord,4.676084358936263
hover,4.675882852847594
tunic,4.675046517698832
froth,4.675020108797693
flour,4.674213861312432
tulle,4.67326862767851
siege,4.6731266277729775
spoke,4.672847124896201
curly,4.6723388100622945
proud,4.672024207658926
spark,4.6717437898954515
hotly,4.6714785977436515
speak,4.670770311344218
coven,4.670048003127343
micro,4.669520692514598
ethos,4.668326148807331
blend,4.667318781462272
ovine,4.665940172114216
patch,4.665320389665452
algae,4.664540616804501
creep,4.663827610069464
dwelt,4.662506449492849
elope,4.662350604598062
leery,4.660633373264601
topic,4.6601492422333175
girly,4.6599246180277305
slink,4.65968783271909
aware,4.659540746497596
grind,4.65948221929792
angry,4.659229458312046
vicar,4.657660712358013
gnash,4.657432632096822
cloud,4.65732969113626
stall,4.656080948490719
slimy,4.655940403524537
field,4.655832411722061
shove,4.6555375384657935
fiber,4.653451579700116
agate,4.653317652669812
prawn,4.653049532836156
binge,4.653035373507208
torso,4.652909142089578
shiny,4.65288114793429
visor,4.652705196436469
buyer,4.652071884823792
manic,4.652057505924716
tempo,4.651487048004303
beady,4.65110117105013
neigh,4.650539410599782
flash,4.650083803828634
voila,4.649917292146642
wreak,4.649224180653426
hardy,4.649032941659517
incur,4.647996164687084
touch,4.646619907070374
rupee,4.646227195646654
turbo,4.646173514583047
creme,4.645656199387538
impel,4.644168604743756
fetid,4.643981227410995
focal,4.643474891049898
porch,4.643129831665686
lapel,4.642202042358778
ghost,4.641846458498019
primo,4.641273747382491
briny,4.639767037794869
dopey,4.6387577697081825
wield,4.638348203523269
bloke,4.6383116431002165
forth,4.637916617614727
belie,4.637541700194521
cavil,4.63618540620316
apart,4.63580871754308
egret,4.635743412738482
locus,4.635088849355892
swath,4.635042707184623
bison,4.634068959078303
cyber,4.633689080754068
abate,4.6325743425317185
steed,4.632477542751727
rebel,4.6317542306329855
graph,4.631324341582543
tipsy,4.630583811466845
betel,4.629534207544874
sting,4.629378057783525
cheer,4.628732851306347
stack,4.62815676185376
midst,4.627868191933715
flesh,4.627015892972838
churn,4.625615358675437
alley,4.625144954730713
stamp,4.6247996331811985
crypt,4.623529819948404
ruler,4.622795860340627
flout,4.622568034513596
beset,4.622363182507821
blunt,4.621203543611708
vaunt,4.621037776503921
smith,4.61887705317737
harpy,4.6185924446641975
throb,4.618520672699422
liege,4.618285618402422
admit,4.617513993626193
hovel,4.61731136301477
fraud,4.615867701373519
shawl,4.614945164501268
right,4.614890792621114
viper,4.614494646076013
eight,4.614092406823702
payee,4.613899665193667
smoke,4.6121548861578825
prong,4.611432865025958
piece,4.610880509107561
vapor,4.610025606610916
shelf,4.6090717378771435
lyric,4.608957776384937
lurch,4.608028595363875
trunk,4.606616173341205
viola,4.605252448191464
forty,4.604608008959316
welsh,4.6045750203692695
genie,4.603933643942144
candy,4.603579537563577
mover,4.603442182515162
lusty,4.603303302789253
basic,4.602744249445583
waver,4.602657943978468
dread,4.602472791531397
rhyme,4.602393858800778
notch,4.6020605577271
debut,4.602002984381937
atoll,4.601469850615769
paper,4.601310359703668
ingot,4.598903715225826
rebar,4.598560669315262
abhor,4.598528516418665
prize,4.598040613786282
masse,4.597794103862341
sheik,4.597724931614633
widen,4.597695560586226
crown,4.597367056367458
swept,4.596370340052196
fleet,4.595989816232251
disco,4.595888106658932
bleak,4.595724614711989
waive,4.595581216602357
gourd,4.595149523301616
shady,4.594403071630102
thank,4.59353907903863
bugle,4.592816146893277
worth,4.5927623299352645
steep,4.592424843881259
linen,4.5922675094294965
leave,4.591125074661629
audio,4.590283746704057
brawl,4.5899173088020575
sprig,4.589021739531566
abase,4.586120973655052
dried,4.585594598835593
snack,4.584797526141009
maybe,4.5842975322353645
semen,4.583667899243741
chirp,4.582471209445652
bowel,4.582128040639801
swarm,4.581816234860022
glove,4.581743140905437
shank,4.581742009461442
agony,4.5812387859893
hyper,4.5804635889347525
giver,4.580257890767317
natal,4.579433944283803
frond,4.579431663449587
nomad,4.5791854894957815
trout,4.578857540517815
decoy,4.578419772173035
world,4.578056820351748
glaze,4.577917570041149
lingo,4.577223810309099
match,4.57667798117836
caulk,4.574863908658558
fetus,4.570835830259439
rider,4.570798843371837
chief,4.570626214898672
plank,4.570232120138598
befit,4.5684893877708665
spiny,4.56843724836848
knead,4.567323325133704
unity,4.566550022436759
clamp,4.566471956892072
bulge,4.565754994102854
tawny,4.565698514014259
titan,4.565547574920961
psalm,4.564246542531953
depth,4.564202833430175
sewer,4.563469392428672
rodeo,4.563133263823673
evict,4.562797851801421
serve,4.562328515076828
slick,4.561316549799962
month,4.5610230397813165
fiend,4.560449726326374
choke,4.559815845994181
laugh,4.55898754641526
anvil,4.558961525218776
cling,4.557274765146409
extra,4.555006210394399
stink,4.554564787300302
bused,4.553112873927256
thyme,4.551927194084864
sight,4.551738020332287
child,4.551481839951379
devil,4.549763600053392
being,4.549306482353606
stilt,4.549295881307307
maize,4.549219658100532
chasm,4.549175612793447
movie,4.548899490300521
sumac,4.548881165980807
synod,4.548809888625232
tacit,4.548632228156904
verse,4.547367102440578
ardor,4.546851637471651
lefty,4.54556524029412
exact,4.545151057294813
suing,4.544697040607112
shirk,4.544041422788606
canal,4.543635457236484
hazel,4.543328973262823
crass,4.54310755840296
gazer,4.542958639233849
label,4.541008533922569
begin,4.540638530135062
epoch,4.540426905233433
bicep,4.539171085332864
rough,4.539062171419579
taunt,4.538209569647113
utter,4.5370519682700925
sword,4.536148574782723
rerun,4.536058947396907
ethic,4.5360128563760735
ether,4.535012061465025
awoke,4.53370065042036
sweet,4.533590401872554
mauve,4.533279647681577
vista,4.5326666597986
riper,4.532040629750289
slung,4.530837111194527
rural,4.530655833793039
ensue,4.53039397955743
quiet,4.530254674525779
vocal,4.529568290306876
brawn,4.528770052854685
pence,4.528574868127159
order,4.528343464800683
batch,4.528256255092825
prowl,4.5280546932260375
belch,4.527569098495817
trust,4.527108562900221
blond,4.526500884392832
heath,4.526040225204153
blaze,4.525793386573894
derby,4.5252687113026155
gusto,4.5234912606878925
gamut,4.5228769115574154
savoy,4.521473645744338
humor,4.521240194484212
logic,4.52083835975261
afoul,4.520531090471032
exist,4.520500248847639
yacht,4.520263212037804
sleek,4.520093741382747
women,4.518557512961574
crimp,4.518158355164432
drink,4.517453160026918
pouty,4.517162807916189
snaky,4.516532869699474
shift,4.516517841754331
inner,4.516139125362898
group,4.515707825263872
nasal,4.51558892614844
feign,4.515489241446041
datum,4.514206214744792
quart,4.512855472931097
duvet,4.512754758604444
moose,4.510603466676939
midge,4.509741704088945
greed,4.509155281416806
cress,4.5080102253145125
retry,4.5078918101445415
truck,4.506972505291679
whirl,4.5064029098367975
spank,4.505702699493204
throw,4.504650021253527
frank,4.5031114672193455
vegan,4.502510903495473
doing,4.501819437738688
roger,4.501662694916526
elude,4.501211257059625
nudge,4.500564048476988
above,4.496907554832201
tithe,4.496636104610134
thong,4.496423165297195
briar,4.495729104929389
hence,4.495473503163803
ratty,4.495420385017183
salad,4.493846665307202
vague,4.492782416931561
ebony,4.4927228228058445
goose,4.489707009204393
brush,4.489113046545975
blind,4.4884822463034215
color,4.487860703339979
drown,4.486545986233637
trump,4.484989037495951
guild,4.484306846040797
ovary,4.483580295886097
valid,4.483480296594324
plush,4.48341947722842
bigot,4.482896071777133
flume,4.482783969454642
lucid,4.4827484534289885
sigma,4.482555816561127
apple,4.482178181155534
joist,4.481520872356425
stool,4.481467709902432
madly,4.480972296186376
spicy,4.478960612549413
syrup,4.4781334010644835
tutor,4.478010156764382
apnea,4.477505126287328
omega,4.477375214704218
femur,4.477198807533766
theta,4.477097486488853
quite,4.476642736252304
mouth,4.4762064245369
mango,4.4760412903323195
cello,4.47559292542807
still,4.475416782325594
segue,4.475296626338362
aping,4.475277244798403
light,4.474975770807641
medic,4.47478600137713
posse,4.47413937079657
sever,4.473218553641265
deuce,4.47005290627598
bravo,4.470009950876119
minty,4.469770027734968
legal,4.468395673820234
tough,4.466274239690046
breed,4.46589086027515
shall,4.465475839667709
prior,4.465327414237218
lasso,4.464505758228449
tweak,4.46391272207511
alarm,4.463880082291808
birch,4.462209141802642
clink,4.461080103251512
lanky,4.4604165554042385
pound,4.460323912504559
video,4.460157390728377
quote,4.459440863901191
armor,4.459426267978041
bench,4.458738345394388
thrum,4.457147733418444
hound,4.457060600818345
sauna,4.456756499571018
input,4.4564904223384385
scrum,4.456310161630451
chalk,4.454940128413636
badly,4.45458590350543
slunk,4.454189351260244
octet,4.453775215971271
stint,4.451584531311485
optic,4.450855390030465
admin,4.450676616138569
bring,4.4497878227030485
shell,4.4496900756384115
handy,4.447880420478922
shrug,4.447684398748189
totem,4.44751423586643
youth,4.447188062422378
purer,4.446226591775366
growl,4.446051827353356
clown,4.444546551006778
eying,4.444373664183513
thing,4.444319490451285
gorge,4.443313669522255
merge,4.442914245765292
ditch,4.4425926389722346
polka,4.441121601880326
spawn,4.441056043147131
doubt,4.441031799341069
pitch,4.4395925287381415
blank,4.438306777262194
creek,4.43656621691178
carry,4.434178450676446
scamp,4.433135019944126
renew,4.433068512492468
knave,4.432629026152327
scowl,4.432443041716167
stick,4.4320081961030375
stock,4.431718140508683
crowd,4.431687558542645
zonal,4.431219641793323
brisk,4.429290037324085
favor,4.428823174259607
sorry,4.427562026945982
stomp,4.42735799217338
build,4.427341860034277
droll,4.425595344996199
fetch,4.424441833007131
ghoul,4.423641214141119
lunch,4.423313893673367
among,4.422539003843051
drool,4.422517230228404
covey,4.421333474902473
etude,4.420477489740757
morph,4.419984139787629
bonus,4.419936718295816
burly,4.4199044926735125
smirk,4.417878520990907
class,4.417057469275407
filth,4.416979650043653
perky,4.416673746354354
given,4.415616141096082
leech,4.414767597232172
rally,4.414240925375925
local,4.412834196210277
stung,4.4127875152542115
sheep,4.412393975097972
diode,4.412348555889155
below,4.411666232667067
sally,4.411472546030441
arbor,4.410165616343081
tying,4.409884115813941
drill,4.408680993181165
welch,4.40860017624552
heavy,4.408547601706748
tally,4.407830340113658
piper,4.407548667143956
cache,4.404527615636123
joint,4.404332053028201
watch,4.4041380948379825
troop,4.403338939401964
revel,4.400910897052605
recur,4.400564833005467
bribe,4.400521811074149
strut,4.400174884775403
silky,4.399553959743353
dress,4.399024280448167
sieve,4.398535998577432
minus,4.3981933042491255
friar,4.398143834075149
prick,4.396551069956544
obese,4.39357416266206
flask,4.392220364306777
tenth,4.3918318953495135
lofty,4.391301532609196
harsh,4.390536731816851
twang,4.388568174134085
shack,4.387969463981358
wagon,4.387898374211347
slash,4.387686782128544
newly,4.386457611883751
grimy,4.385248736559852
press,4.384852873045733
cumin,4.384052720240871
fancy,4.383591637425777
human,4.382341632412204
ruder,4.38220048493071
theme,4.380818412420037
mound,4.38025893645964
pixel,4.379305558118459
phony,4.378984013645345
nobly,4.378933000892915
think,4.37842520902108
spell,4.376782206442013
extol,4.375274726703296
brink,4.373102952862957
circa,4.373070055849893
speed,4.372779467179399
pivot,4.372183712788878
canon,4.370059867185151
lever,4.368246624343543
macho,4.368219467055063
woman,4.366492877232125
aroma,4.366161220274559
quest,4.36614273765151
tacky,4.365148131746914
reedy,4.364323245392907
study,4.363696186598283
wrong,4.362660505040374
freed,4.362464126135827
dingo,4.359358401469193
blush,4.359296212017783
dusty,4.358409763310524
grown,4.357974851767336
pinch,4.357495711461762
libel,4.3573917634917505
risky,4.356975337492611
wooer,4.356679480839237
shaky,4.354230106127753
shrub,4.353761153655715
nerve,4.352115906665231
lorry,4.351513825452885
botch,4.350905400896425
godly,4.350800592641768
scrub,4.350169790425381
adage,4.349542182246303
newer,4.349228289184255
donor,4.349010391633146
stunk,4.348426158164358
hymen,4.34841210001949
wrack,4.34839217334125
shoot,4.347839394864752
knife,4.346939327384564
vigor,4.346825411266899
vowel,4.345838408466907
ledge,4.345831511459033
clung,4.345221216421616
lying,4.345060895954515
tryst,4.343964107188542
motif,4.343371350593814
squat,4.34300994038797
bleed,4.342687909670793
magic,4.342386187598627
slump,4.3420844912534005
cross,4.341562931874231
gravy,4.339673762407593
jaunt,4.338740142067001
froze,4.338419405808581
virus,4.3376269418703615
sooth,4.336532717167212
bound,4.334830361785104
shown,4.333979228632658
juice,4.333840116690523
fluke,4.333160806225157
night,4.333130547380079
tenet,4.333064473387593
pouch,4.331681837002099
avoid,4.331645527366476
tasty,4.331528715181427
boxer,4.329647895714229
flank,4.328443175939671
frisk,4.32841513244169
vogue,4.3279662727141615
ahead,4.326574845527687
motor,4.326451650515438
brown,4.326220902678445
grass,4.325671185128735
hydro,4.325482530815186
gauze,4.325402858423992
balmy,4.3251442159440074
begun,4.3243364888264
dozen,4.324202621844797
hello,4.324189689253454
where,4.323697717278625
wring,4.323411749570391
testy,4.323198774278582
mogul,4.322941345871302
small,4.322112689148604
swami,4.3218212659472846
exult,4.3217686249371825
seven,4.321746100107717
truss,4.321563298075962
kneel,4.3214001213840865
imbue,4.320314868952469
beget,4.3196596531557345
toxin,4.316928055508136
woken,4.316436895018255
drunk,4.316424656286861
snowy,4.316280463493689
heave,4.3160729176733525
speck,4.314964197543073
honor,4.314924800352557
mocha,4.314641735507158
seedy,4.313909046996521
stout,4.31371149415861
scuba,4.3132464715882755
black,4.311961303427139
smell,4.311849056331229
unfit,4.3106746820424195
fence,4.310332436948157
sooty,4.3096516866986825
vomit,4.309301960844089
pasta,4.30885813035889
loyal,4.307742954845723
dryer,4.30687980064393
crazy,4.30678249835725
crump,4.305218858598349
zebra,4.304841277340064
aphid,4.304668862672561
bayou,4.304049732645968
grill,4.303920187554111
rower,4.303605414397053
alloy,4.3031954542804085
axion,4.301697778766849
smack,4.3008966128058965
parry,4.300831453398323
venom,4.300339775608489
enema,4.300167334930563
amply,4.29930395798558
would,4.298310191841892
major,4.297596238194467
mangy,4.296967969595641
agape,4.296270224989013
weigh,4.2947562816068015
wreck,4.2940244904776925
dimly,4.293466359276807
gaudy,4.292109146938575
ivory,4.290861790717266
pithy,4.289260084154008
eerie,4.289239237573884
askew,4.289132078931296
gauge,4.288959413883467
foamy,4.2880460664088895
musty,4.28693828566795
defer,4.286891386945662
equal,4.285579529849854
music,4.283472515766589
moldy,4.283335673237351
bleep,4.281581312561591
gusty,4.281243224785286
album,4.28068844517256
lilac,4.280282297920002
brass,4.280279199163877
unfed,4.278714901022682
elbow,4.277436894866021
banal,4.276473384452536
colon,4.276449290343515
robot,4.276404712439869
budge,4.272064336353926
radii,4.270519287897233
never,4.269670235540234
brick,4.268875881136894
hefty,4.265644830679
woven,4.265606176977556
basal,4.264499606748631
cough,4.2635575991546775
detox,4.2635203644092385
harry,4.262982776890447
wordy,4.262810794644162
await,4.262252811903069
forum,4.2613043786955505
dowry,4.261298318580751
seize,4.261090817336642
rumba,4.261032315901869
whelp,4.259464500489805
fluid,4.258950576636228
joust,4.258190319358529
endow,4.258099286092384
dutch,4.255485186629901
ought,4.252415884615992
stash,4.25217152902632
flush,4.251810398849395
rigor,4.25060264333073
revue,4.250288137707102
bible,4.249922014675921
catty,4.249360668149775
swift,4.249085320068135
fella,4.248604527829628
quail,4.24731621800076
rocky,4.246985062446906
cacti,4.246664835344574
champ,4.242220893233045
quilt,4.239918614347774
borax,4.2388211228512915
fatal,4.2387741709962254
arrow,4.238387165688609
helix,4.2381028242530485
unwed,4.2374760895119605
sloop,4.237268030889443
climb,4.2364561864610595
truth,4.235600599110298
dogma,4.234018623750743
frown,4.2337571470604045
aglow,4.233731480654306
butte,4.2330554463133225
stunt,4.232823880361573
found,4.231873958717438
iliac,4.23161364506599
dross,4.2287944997957325
odder,4.228768050845861
rover,4.228442752699765
oxide,4.2272077241727235
using,4.226147967151969
rarer,4.226025732227271
stuck,4.225212516742946
gipsy,4.225065214156139
boost,4.224243883163644
issue,4.224240704138245
blink,4.223387644110829
attic,4.222814580390272
privy,4.221207825562729
taboo,4.220229652187338
limbo,4.216790354793333
glass,4.21596097937447
marry,4.215626863349423
spool,4.215405889055442
spill,4.214167547319746
silly,4.2132390383847484
thick,4.21210433320938
stump,4.2115078505544705
empty,4.211131360476782
bingo,4.209541190800366
merry,4.208894193523503
sense,4.204956513006297
topaz,4.204077894011521
waxen,4.203520890337992
river,4.203503562424062
flack,4.202813661150771
young,4.201714895735083
havoc,4.20119105266454
wound,4.200126994249596
shock,4.199978681833909
drama,4.199810000368676
slosh,4.197935116766372
mania,4.197787744493545
sulky,4.196609710639429
umbra,4.196499153264161
wharf,4.193083737744269
evade,4.192700631155354
wheel,4.1910316684836335
fixer,4.190500725637171
fling,4.189357574792617
pesky,4.188752992923578
eking,4.188612322798854
flail,4.188272749579063
cabal,4.18798883920918
moron,4.187632932353667
frock,4.184702818285345
again,4.184570176297049
envoy,4.1843001161556135
essay,4.183066161660649
snuck,4.1822131172136165
annul,4.182163570403352
mulch,4.181805391839186
tweed,4.180134353836509
punch,4.180129716874488
rowdy,4.178187052013138
dwarf,4.178001273343426
stood,4.176159775797991
dough,4.175853879352771
witch,4.17354580284343
gecko,4.1723869819481285
fudge,4.170033928344011
crumb,4.169409253480547
gooey,4.168372827979807
gulch,4.168295094263087
blown,4.167831247494758
coach,4.166974220657934
swell,4.165783910415083
might,4.163090087748267
focus,4.162892290032576
koala,4.162706480101109
berry,4.16130257287008
valve,4.16012759395824
dingy,4.15949338218077
vapid,4.156810588677778
swing,4.156478713844654
verge,4.156016617390147
frill,4.155968681679132
fleck,4.155307797689475
floor,4.152980184845208
zesty,4.151235253688886
opium,4.150736146151553
cycle,4.149772675232752
quota,4.148352188353153
showy,4.147982158676558
clump,4.147810929015318
swamp,4.141645614818846
elegy,4.14132833724391
plunk,4.140146777922513
bless,4.135848813148197
afoot,4.134119577351672
adapt,4.1307710782896905
ditto,4.129602972488396
itchy,4.127125491700651
delve,4.125860538453988
gross,4.125238018407038
edify,4.124447588259445
finch,4.1242550262358
vinyl,4.12419623890496
canny,4.124137284809984
block,4.121957641783851
patty,4.119453550750335
needy,4.118769208507305
sweep,4.117409661748522
venue,4.117324194028374
gouge,4.1156463649961434
stoop,4.115227793901243
butch,4.114678974384786
wrung,4.113463042392682
catch,4.112376439722237
dying,4.110679874773145
joker,4.110160220146293
sixth,4.10950066965131
debug,4.1082541185518995
width,4.107829390398197
flaky,4.106902050629257
dally,4.105804404738685
event,4.104987659169598
smock,4.1037047157420385
annoy,4.1034563631593235
pique,4.103170556943235
petty,4.102734944282216
spoon,4.102177343138438
toxic,4.101117981463157
droop,4.100471283620261
exile,4.099064005491477
munch,4.098533522282221
ember,4.097961582302543
winch,4.097861968100199
conic,4.097343806662806
ficus,4.097341859140193
mecca,4.0966237737702125
sixty,4.0952105119881566
chill,4.09333029042106
blimp,4.09257047394093
krill,4.091848334353658
aloof,4.091499307809344
snoop,4.087369424212323
larva,4.086665156265124
spunk,4.085422318302703
downy,4.085175584287834
weave,4.083902118501132
query,4.082769684683696
exert,4.082121470796259
hedge,4.078806103459822
druid,4.076759817789959
spiky,4.07647994538612
rumor,4.076407397142682
whiny,4.0764004691700375
udder,4.074780549502564
avail,4.07398029832618
upper,4.073839780791069
limit,4.073692475515363
curvy,4.068546402105453
quasi,4.06741915046641
index,4.06741339293326
idiot,4.067299361256879
flown,4.066534333877818
usual,4.064151310705321
humid,4.061882435443575
junta,4.058748538380428
award,4.057648802075799
ferry,4.054862018558217
dodge,4.053957832999123
amiss,4.0497380488860495
bunch,4.049414758270719
fritz,4.047449206670753
quake,4.046401513271369
tibia,4.043444356403188
imply,4.042352386730608
crack,4.042010825128515
augur,4.0407541570109435
basis,4.0402498475561455
pluck,4.037584460125812
bough,4.03374234863684
brood,4.032214071351873
quash,4.03047322834
hatch,4.029943094951265
chess,4.029569725736434
beech,4.029193044398133
thump,4.026672896140538
owing,4.024709663701381
gloss,4.0195955231222005
smoky,4.018366037667175
kneed,4.017927856635522
curry,4.017716830136257
unify,4.015642755700921
fewer,4.015571917277143
filmy,4.014470472251245
sully,4.0114053995617835
flock,4.009434298599809
flick,4.007700747116842
pagan,4.007151624675424
pushy,4.006550973030946
fight,4.006451131104308
union,4.003405203029238
twist,4.002732386861302
bylaw,4.001328603058933
furor,4.001279169715498
swill,4.000140455162461
allow,3.99991629787873
crook,3.9993180556789634
shuck,3.999149665751344
batty,3.996016454629863
pubic,3.9943057362058503
milky,3.993871797593018
alibi,3.9934573496500096
waltz,3.991925142733076
pinky,3.988431831757821
abbot,3.9879077266223177
vouch,3.986239717292594
parka,3.984501670066161
slush,3.984389220464819
blitz,3.983963332546082
ionic,3.983889220127219
proxy,3.9829234175989146
flung,3.982333714750772
modem,3.9786051221934335
cheek,3.9781943714196855
bevel,3.977859830654792
wight,3.977636250519324
windy,3.977356832138154
bliss,3.9762487654295895
fishy,3.9758504165527593
awful,3.974704597829699
guess,3.974398610442061
axiom,3.9742839703481208
awake,3.973171922805291
skill,3.9726752127089826
roomy,3.9722870962210046
avian,3.971243111550678
condo,3.9692511331290934
ninth,3.9674219810488567
rugby,3.966883996000496
enemy,3.965748136532872
undue,3.964780328724233
junto,3.9645171043369034
penny,3.962408485957153
wispy,3.96239817713197
teddy,3.96117869644963
squad,3.959553627484008
razor,3.958532364258326
queer,3.956689236250329
occur,3.954854305499944
belly,3.954486267707334
rotor,3.954192787641531
folio,3.9520889477063026
dolly,3.9517570768340287
teeth,3.9511622619443134
lumpy,3.9506951628462623
gassy,3.950380447171212
tepee,3.95018915794148
ennui,3.949502533274642
gaffe,3.947258990110051
smash,3.94645310582043
naval,3.945966277863043
chunk,3.943989443265013
mushy,3.9395999778447
offer,3.937910344208114
sappy,3.933314053249367
fever,3.9330566838734664
murky,3.932904012584093
rabbi,3.932421727619684
swung,3.93214372497188
abbey,3.9304814202901017
glyph,3.923984890029901
photo,3.923669126065232
error,3.923036754518952
groom,3.922159696090272
skimp,3.922124476576422
ditty,3.920336830777453
scoop,3.920278280828055
array,3.9195000870245855
theft,3.91511794511236
awash,3.9148481751002344
belle,3.9143920420815586
qualm,3.913935795491631
alpha,3.912876279767915
freer,3.911180455176258
every,3.910803419672746
holly,3.9101576161667673
banjo,3.908646931967982
vixen,3.9074550186405927
dilly,3.9067625846214833
radar,3.905574564692384
booth,3.905433536561244
enjoy,3.9045343286528498
penne,3.903423577878008
quoth,3.903383087306804
fauna,3.903091551925952
dandy,3.902377600067436
chili,3.896202361029513
flunk,3.896096374856791
comfy,3.895166872148411
loopy,3.8950837644707184
swoon,3.8948993670799137
sunny,3.8948086781452935
clack,3.8947722822736583
lucky,3.89306083007313
fatty,3.8920454008016296
melee,3.8883004039939313
conch,3.885434672718982
worry,3.8850783279298327
bushy,3.883565699809537
going,3.883310603347339
blood,3.883303786348778
coyly,3.88321487469428
quark,3.883074541980137
thumb,3.8821877983364654
booty,3.877397417468877
broom,3.872318624889452
outdo,3.870443462308739
hilly,3.868721942227987
staff,3.86769538903262
nylon,3.8673503206403232
golly,3.8663450483285127
pupil,3.86559428147522
spasm,3.865061246725619
salsa,3.8637780532633537
geese,3.862077049895471
dwell,3.861412664145935
whisk,3.860914573169017
floss,3.8580494778976218
proof,3.857970951432493
hurry,3.8575350455031754
plumb,3.852234319014499
duchy,3.851063779770089
karma,3.8481662606798768
crock,3.847520493666086
aging,3.844503548590936
bawdy,3.84401008291348
knoll,3.8414716974763614
rigid,3.8404508897383
wedge,3.840270396806417
fungi,3.839549927469303
villa,3.838830333250636
annex,3.838636907580928
crick,3.836493350633308
picky,3.8340570016383815
gayly,3.831263116326301
whack,3.83037230321002
chump,3.827460832474909
icily,3.825264339168956
digit,3.825049535145387
toddy,3.824713118482283
comma,3.8242470463699463
apply,3.822164830926889
vodka,3.81752539449541
nutty,3.8159590634097618
dryly,3.814748811319286
manga,3.814207213391014
axial,3.8141922558255152
hitch,3.811815692769898
dusky,3.8080340416687046
cinch,3.806738875315268
queen,3.805893267017149
ozone,3.803386568685521
caddy,3.802526237975664
refer,3.8019586999266455
equip,3.8002014491241094
pooch,3.7995070951633054
swash,3.798307410097668
leggy,3.7977879115394617
igloo,3.7962506069326367
tabby,3.795870417101783
visit,3.794027776360808
epoxy,3.793722807150111
husky,3.793130959279624
lymph,3.7928844014706304
bitty,3.7905796739311257
tight,3.78960346663118
amaze,3.7870263268216857
hunky,3.7869013377455745
gloom,3.785091779121516
mossy,3.784969872316313
wacky,3.783838709564198
timid,3.782513393955641
tweet,3.78179355792394
couch,3.781002532888316
howdy,3.775766631949045
outgo,3.7743817833821383
lipid,3.772803513441927
jerky,3.771734102542424
comic,3.770416978079176
excel,3.7699501401053106
judge,3.768642169344611
flood,3.7658585284368815
billy,3.764118237580215
blurb,3.763560613543728
pudgy,3.7622821417386625
fanny,3.7607697723799096
skull,3.7588274805342663
kiosk,3.7557089843716582
brook,3.755265715288377
weedy,3.754307080070393
embed,3.754239208458371
eject,3.751528392738971
wooly,3.75137536753667
uncut,3.751367739006664
missy,3.747805194344082
bezel,3.747042520484062
vying,3.7461891159268816
bulky,3.744273958997079
shook,3.7383499271006593
musky,3.729461953392317
bossy,3.726896512757945
forgo,3.722180115735988
bloom,3.722079904593826
mafia,3.721210788789892
quirk,3.7183983492958
soggy,3.718053495556231
dumpy,3.717728663586093
evoke,3.715453216958299
sushi,3.7109507711517886
dully,3.710925723851501
thigh,3.706182818493798
gumbo,3.7049116280158305
usurp,3.7044226774043394
putty,3.703408008930909
offal,3.699137333699187
folly,3.6984050620098463
clock,3.697039412041335
click,3.6921733928302065
shyly,3.688742675536712
juicy,3.686080207616291
polyp,3.6854091966300673
taffy,3.6843517495528344
cynic,3.6833805369437087
rajah,3.6825117002595777
fjord,3.678369783672136
stiff,3.677604005681983
allay,3.6722888036676946
idyll,3.6646717642065023
paddy,3.663054331416911
geeky,3.662175676755277
expel,3.6614606572760136
furry,3.657525835700614
witty,3.656171773868656
civil,3.6546388115074167
beefy,3.653835634337671
nymph,3.652764888913475
spook,3.651641525447606
wimpy,3.650333098776912
myrrh,3.6476341225164233
filly,3.647263135524188
kebab,3.646584557692553
gawky,3.645058465143093
sniff,3.644333852603115
cacao,3.643954262568672
swoop,3.6379012637423265
willy,3.6308090071586214
hutch,3.6301360272761567
abyss,3.630127541713482
level,3.62658082533416
kitty,3.62574171676914
ruddy,3.6253457426516738
undid,3.622456235371202
gully,3.620150770034563
lowly,3.6184119629740064
lupus,3.6182362003010904
bosom,3.615593644836989
spoof,3.61140418125359
cliff,3.611190439211197
goody,3.6079269080332623
tooth,3.6076280473335554
swish,3.606772609529699
hussy,3.604226597153439
cabby,3.602719200170652
moody,3.5985026992560827
pixie,3.597055402679169
knack,3.5957620237964782
bongo,3.5955588989161917
juror,3.594972134220307
oddly,3.592363467212505
squib,3.589559503101692
inbox,3.5861488975843563
hippo,3.5843139840385883
quell,3.5840033343581985
savvy,3.583894839237975
happy,3.580457873598426
funky,3.5713144640934584
fugue,3.5709690716646865
booze,3.569456384649411
macaw,3.568289416352925
verve,3.5675466658123023
idiom,3.5662985891338113
papal,3.562784652772546
skulk,3.5616595861517357
hunch,3.560872291867465
mambo,3.557380042762761
bully,3.5564935316635102
jewel,3.5564576559351453
mucky,3.5561755784412235
tatty,3.554334049030739
quack,3.5523679776258463
lobby,3.5522419242151724
wryly,3.549506123726919
unzip,3.543866856956047
llama,3.5431279334228987
icing,3.5346616368981554
emcee,3.530148342263664
plaza,3.528941970215698
aback,3.5125430994676874
cocoa,3.512088287404443
pulpy,3.5111448100860145
onion,3.5057912998574357
ovoid,3.5032128751514877
cubic,3.4929561453750666
chaff,3.4927364469001465
scoff,3.484471851211863
fifth,3.4835738193015313
guava,3.480967870790165
cluck,3.476030005128917
check,3.4692072776609653
livid,3.46886799291156
jetty,3.4683513118286573
fifty,3.46202555945838
khaki,3.4610194487432584
stuff,3.458377983054157
skunk,3.454977133771
fully,3.452429513355856
jelly,3.4478397868018673
plump,3.443298474086467
amass,3.439271560974847
bunny,3.4379578648719686
dodgy,3.437586748750124
assay,3.435756173587748
baggy,3.435352872693774
woody,3.4258948221815615
snuff,3.4206219640310045
quill,3.4203948385771485
knock,3.4167843530415056
vigil,3.4085604921968575
motto,3.401450080475774
fussy,3.3863161312318972
quick,3.38624757506809
mucus,3.383257476880632
sassy,3.381570850019342
widow,3.376256661526775
hippy,3.376242742312364
goofy,3.371610496101157
giddy,3.364161145338143
whoop,3.3619710442980675
chock,3.351386121892624
gruff,3.338103711159033
piggy,3.3330294664812836
funny,3.3325637204447425
chick,3.329322901441226
biddy,3.3284677511044336
nanny,3.3208144675327755
ninja,3.317531908292809
which,3.3079333238386655
buxom,3.302559025392814
humus,3.3012130514549707
kinky,3.3001224819764277
jolly,3.2976049864821473
hobby,3.281986159653781
slyly,3.245363999737944
femme,3.2417205195366403
dowdy,3.219550690832138
maxim,3.2184705864137695
gypsy,3.206049976261097
sissy,3.1730023112876022
muddy,3.168743495660715
madam,3.1680469204800956
foggy,3.1652672417948056
dummy,3.162717011275646
skiff,3.159693742416168
known,3.1528791146502533
jumbo,3.1430500216654784
twixt,3.1332099832968825
chuck,3.127683117691336
buddy,3.126451108062665
bluff,3.124748181449534
guppy,3.1124074184226465
humph,3.1003659099396854
ninny,3.0848972467202063
gummy,3.069768497018516
jumpy,3.058014443788169
shush,3.041877216658599
pizza,3.037742445187081
daddy,3.026273258137203
minim,3.020286249374039
buggy,3.012152163497182
queue,3.0073510459109865
gamma,2.9931979386161376
magma,2.9820287462023667
boozy,2.9647324197064977
puffy,2.938648202813948
kayak,2.9283707722051444
whiff,2.9107873188146676
mammy,2.8971712917274632
booby,2.8943808628295224
affix,2.870024995686363
kappa,2.8412886164720095
woozy,2.8358559689412424
pygmy,2.834685446157653
mimic,2.820223301391066
poppy,2.8098705702542075
dizzy,2.7604547647400306
civic,2.676717554535821
bobby,2.6066539764705112
fluff,2.564009019953526
puppy,2.560618253846595
vivid,2.5278522856757677
jiffy,2.5072629860746565
fizzy,2.5060473230811153
mummy,2.480192041247285
mamma,2.3981637248768006
jazzy,2.308791676079567
fuzzy,2.304360464141179
